sku,brand,model_name,product_type,category,tv_size_range,max_load_kg,vesa_range,material,color,mount_type,wall_types,features,package_includes,target_keywords
S02M1225B,FITUEYES,Master V2 FT48,Floor TV stand with wheels,tv_stand,24-48 inch,35,75x75 mm to 200x200 mm,,Black,Floor standing with wheels,Not applicable (floor standing),Height adjustable with 200 mm travel; Viewing height range 1000 to 1200 mm; Four wheels for easy repositioning; Cable management; Optional storage shelf variant,
S02M1224A,FITUEYES,Master V2 FT48,Floor TV stand with wheels,tv_stand,24-48 inch,35,75x75 mm to 200x200 mm,,White,Floor standing with wheels,Not applicable (floor standing),Height adjustable with 200 mm travel; Viewing height range 1000 to 1200 mm; Four wheels for easy repositioning; Cable management; Optional storage shelf variant,
B08QJ5C3BT,FITUEYES,Eiffel Series 75-100,Floor TV stand with shelves,tv_stand,75-100 inch,85,up to 800x600 mm,Wood and metal,,Floor standing,Not applicable (floor standing),Swivel function; Height adjustable; Storage shelves; Cable management; Eiffel series design,
B0BHW3STTC,FITUEYES,Eiffel Series 32-75,Floor TV stand with storage,tv_stand,32-75 inch,,, ,White,Floor standing,Not applicable (floor standing),Swivel function; Concealed storage; Double column design; Adjustable shelf; Tall stand,
F82F2461B,FITUEYES,Eiffel F82F2461B,Tall TV stand,tv_stand,43-75 inch,60,,,Black,Floor standing tall stand,Not applicable (floor standing),Hidden cable management; Height and angle adjustable; Eiffel series design,
B0CFKJ47LK,FITUEYES,Mobile TV cart,Floor TV stand with wheels,tv_stand,40-85 inch,60,up to 600x400 mm,,,Floor standing with wheels,Not applicable (floor standing),Rolling TV cart; Height adjustable; High stand,
B0CXX1S36J,FITUEYES,Floor stand with wood shelf,Floor TV stand with wheels,tv_stand,32-70 inch,40,up to 400x600 mm,Wood and metal,,Floor standing with wheels,Not applicable (floor standing),Rolling stand; Wood shelf; Height adjustable; Swivel function,
B0CHY29QNL,FITUEYES,Zen Series 32-65,Wooden TV stand,tv_stand,32-65 inch,,,Beech wood,,Floor standing,Not applicable (floor standing),Rotatable; Height adjustable; Zen series design,
B0825J8QDC,FITUEYES,TT206001GB,TV stand with mount,tv_stand,32-60 inch,,up to 600x400 mm,,,Floor standing,Not applicable (floor standing),70 degree swivel bracket; Adjustable heights; Two shelves; Cable management,
